SIGTAP;Grupo
0401020010;PROCEDIMENTOS CIRURGICOS DIVERSOS
0401020029;PROCEDIMENTOS CIRURGICOS DIVERSOS
0401020037;PROCEDIMENTOS CIRURGICOS DIVERSOS
0401020045;PROCEDIMENTOS CIRURGICOS DIVERSOS
0401020053;PROCEDIMENTOS CIRURGICOS DIVERSOS
0401020061;PROCEDIMENTOS CIRURGICOS DIVERSOS
0401020070;PROCEDIMENTOS CIRURGICOS DIVERSOS
0401020088;PROCEDIMENTOS CIRURGICOS DIVERSOS
0401020096;PROCEDIMENTOS CIRURGICOS DIVERSOS
0401020100;PROCEDIMENTOS CIRURGICOS DIVERSOS
0401020118;PROCEDIMENTOS CIRURGICOS DIVERSOS
0401020142;PROCEDIMENTOS CIRURGICOS DIVERSOS
0401020150;PROCEDIMENTOS CIRURGICOS DIVERSOS
0401020169;PROCEDIMENTOS CIRURGICOS DIVERSOS
0402010019;PROCEDIMENTOS CIRURGICOS DIVERSOS
0402010027;PROCEDIMENTOS CIRURGICOS DIVERSOS
0402010035;PROCEDIMENTOS CIRURGICOS DIVERSOS
0402010043;PROCEDIMENTOS CIRURGICOS DIVERSOS
0402010051;PROCEDIMENTOS CIRURGICOS DIVERSOS
0402020014;PROCEDIMENTOS CIRURGICOS DIVERSOS
0402020022;PROCEDIMENTOS CIRURGICOS DIVERSOS
0403010012;PROCEDIMENTOS CIRURGICOS DIVERSOS
0403010047;PROCEDIMENTOS CIRURGICOS DIVERSOS
0403010055;PROCEDIMENTOS CIRURGICOS DIVERSOS
0403010063;PROCEDIMENTOS CIRURGICOS DIVERSOS
0403010071;PROCEDIMENTOS CIRURGICOS DIVERSOS
0403010080;PROCEDIMENTOS CIRURGICOS DIVERSOS
0403010098;PROCEDIMENTOS CIRURGICOS DIVERSOS
0403010101;PROCEDIMENTOS CIRURGICOS DIVERSOS
0403010110;PROCEDIMENTOS CIRURGICOS DIVERSOS
0403010128;PROCEDIMENTOS CIRURGICOS DIVERSOS
0403010136;PROCEDIMENTOS CIRURGICOS DIVERSOS
0403010144;PROCEDIMENTOS CIRURGICOS DIVERSOS
0403010152;PROCEDIMENTOS CIRURGICOS DIVERSOS
0403010160;PROCEDIMENTOS CIRURGICOS DIVERSOS
0403010179;PROCEDIMENTOS CIRURGICOS DIVERSOS
0403010187;PROCEDIMENTOS CIRURGICOS DIVERSOS
0403010209;PROCEDIMENTOS CIRURGICOS DIVERSOS
0403010217;PROCEDIMENTOS CIRURGICOS DIVERSOS
0403010225;PROCEDIMENTOS CIRURGICOS DIVERSOS
0403010233;PROCEDIMENTOS CIRURGICOS DIVERSOS
0403010241;PROCEDIMENTOS CIRURGICOS DIVERSOS
0403010250;PROCEDIMENTOS CIRURGICOS DIVERSOS
0403010322;PROCEDIMENTOS CIRURGICOS DIVERSOS
0403010330;PROCEDIMENTOS CIRURGICOS DIVERSOS
0403010357;PROCEDIMENTOS CIRURGICOS DIVERSOS
0403010365;ONCOLOGIA
0403010390;PROCEDIMENTOS CIRURGICOS DIVERSOS
0403020018;PROCEDIMENTOS CIRURGICOS DIVERSOS
0403020026;PROCEDIMENTOS CIRURGICOS DIVERSOS
0403020034;PROCEDIMENTOS CIRURGICOS DIVERSOS
0403020042;PROCEDIMENTOS CIRURGICOS DIVERSOS
0403020050;PROCEDIMENTOS CIRURGICOS DIVERSOS
0403020069;PROCEDIMENTOS CIRURGICOS DIVERSOS
0403020077;PROCEDIMENTOS CIRURGICOS DIVERSOS
0403020085;PROCEDIMENTOS CIRURGICOS DIVERSOS
0403020093;PROCEDIMENTOS CIRURGICOS DIVERSOS
0403020107;PROCEDIMENTOS CIRURGICOS DIVERSOS
0403020115;PROCEDIMENTOS CIRURGICOS DIVERSOS
0403020123;PROCEDIMENTOS CIRURGICOS DIVERSOS
0403020131;PROCEDIMENTOS CIRURGICOS DIVERSOS
0403030013;PROCEDIMENTOS CIRURGICOS DIVERSOS
0403030021;ONCOLOGIA
0403030030;ONCOLOGIA
0403030048;ONCOLOGIA
0403030056;PROCEDIMENTOS CIRURGICOS DIVERSOS
0403030064;PROCEDIMENTOS CIRURGICOS DIVERSOS
0403030080;ONCOLOGIA
0403030099;ONCOLOGIA
0403030102;ONCOLOGIA
0403030110;ONCOLOGIA
0403030129;ONCOLOGIA
0403030137;ONCOLOGIA
0403030145;ONCOLOGIA
0403030153;ONCOLOGIA
0403030161;PROCEDIMENTOS CIRURGICOS DIVERSOS
0403040019;PROCEDIMENTOS CIRURGICOS DIVERSOS
0403040027;PROCEDIMENTOS CIRURGICOS DIVERSOS
0403040051;PROCEDIMENTOS CIRURGICOS DIVERSOS
0403040060;PROCEDIMENTOS CIRURGICOS DIVERSOS
0403040078;PROCEDIMENTOS CIRURGICOS DIVERSOS
0403040086;PROCEDIMENTOS CIRURGICOS DIVERSOS
0403040094;PROCEDIMENTOS CIRURGICOS DIVERSOS
0403040108;PROCEDIMENTOS CIRURGICOS DIVERSOS
0403040116;PROCEDIMENTOS CIRURGICOS DIVERSOS
0403040124;PROCEDIMENTOS CIRURGICOS DIVERSOS
0403050030;PROCEDIMENTOS CIRURGICOS DIVERSOS
0403050049;PROCEDIMENTOS CIRURGICOS DIVERSOS
0403050057;PROCEDIMENTOS CIRURGICOS DIVERSOS
0403050065;PROCEDIMENTOS CIRURGICOS DIVERSOS
0403050073;PROCEDIMENTOS CIRURGICOS DIVERSOS
0403050090;PROCEDIMENTOS CIRURGICOS DIVERSOS
0403050103;PROCEDIMENTOS CIRURGICOS DIVERSOS
0403050111;PROCEDIMENTOS CIRURGICOS DIVERSOS
0403050120;PROCEDIMENTOS CIRURGICOS DIVERSOS
0403050138;PROCEDIMENTOS CIRURGICOS DIVERSOS
0403050146;PROCEDIMENTOS CIRURGICOS DIVERSOS
0403050154;PROCEDIMENTOS CIRURGICOS DIVERSOS
0403050162;PROCEDIMENTOS CIRURGICOS DIVERSOS
0403060010;PROCEDIMENTOS CIRURGICOS DIVERSOS
0403060028;PROCEDIMENTOS CIRURGICOS DIVERSOS
0403060036;PROCEDIMENTOS CIRURGICOS DIVERSOS
0403060044;PROCEDIMENTOS CIRURGICOS DIVERSOS
0403060052;PROCEDIMENTOS CIRURGICOS DIVERSOS
0403060060;PROCEDIMENTOS CIRURGICOS DIVERSOS
0403060079;PROCEDIMENTOS CIRURGICOS DIVERSOS
0403070040;PROCEDIMENTOS CIRURGICOS DIVERSOS
0403070058;PROCEDIMENTOS CIRURGICOS DIVERSOS
0403070082;PROCEDIMENTOS CIRURGICOS DIVERSOS
0403070090;PROCEDIMENTOS CIRURGICOS DIVERSOS
0403070104;PROCEDIMENTOS CIRURGICOS DIVERSOS
0403070112;PROCEDIMENTOS CIRURGICOS DIVERSOS
0403070120;PROCEDIMENTOS CIRURGICOS DIVERSOS
0403070139;ONCOLOGIA
0403070147;PROCEDIMENTOS CIRURGICOS DIVERSOS
0403070155;PROCEDIMENTOS CIRURGICOS DIVERSOS
0403070163;PROCEDIMENTOS CIRURGICOS DIVERSOS
0403080010;PROCEDIMENTOS CIRURGICOS DIVERSOS
0403080029;PROCEDIMENTOS CIRURGICOS DIVERSOS
0403080037;PROCEDIMENTOS CIRURGICOS DIVERSOS
0403080045;PROCEDIMENTOS CIRURGICOS DIVERSOS
0403080053;PROCEDIMENTOS CIRURGICOS DIVERSOS
0403080061;PROCEDIMENTOS CIRURGICOS DIVERSOS
0403080070;PROCEDIMENTOS CIRURGICOS DIVERSOS
0403080088;PROCEDIMENTOS CIRURGICOS DIVERSOS
0403080096;PROCEDIMENTOS CIRURGICOS DIVERSOS
0403080100;PROCEDIMENTOS CIRURGICOS DIVERSOS
0404010016;OTORRINOLARINGOLOGIA
0404010024;OTORRINOLARINGOLOGIA
0404010032;OTORRINOLARINGOLOGIA
0404010083;OTORRINOLARINGOLOGIA
0404010105;OTORRINOLARINGOLOGIA
0404010113;OTORRINOLARINGOLOGIA
0404010121;OTORRINOLARINGOLOGIA
0404010130;OTORRINOLARINGOLOGIA
0404010148;OTORRINOLARINGOLOGIA
0404010164;OTORRINOLARINGOLOGIA
0404010172;OTORRINOLARINGOLOGIA
0404010180;OTORRINOLARINGOLOGIA
0404010199;OTORRINOLARINGOLOGIA
0404010202;OTORRINOLARINGOLOGIA
0404010210;OTORRINOLARINGOLOGIA
0404010229;OTORRINOLARINGOLOGIA
0404010237;OTORRINOLARINGOLOGIA
0404010288;OTORRINOLARINGOLOGIA
0404010318;OTORRINOLARINGOLOGIA
0404010326;OTORRINOLARINGOLOGIA
0404010334;OTORRINOLARINGOLOGIA
0404010350;OTORRINOLARINGOLOGIA
0404010385;OTORRINOLARINGOLOGIA
0404010407;OTORRINOLARINGOLOGIA
0404010415;OTORRINOLARINGOLOGIA
0404010431;OTORRINOLARINGOLOGIA
0404010458;OTORRINOLARINGOLOGIA
0404010466;OTORRINOLARINGOLOGIA
0404010474;OTORRINOLARINGOLOGIA
0404010482;OTORRINOLARINGOLOGIA
0404010490;OTORRINOLARINGOLOGIA
0404010504;OTORRINOLARINGOLOGIA
0404010512;OTORRINOLARINGOLOGIA
0404010520;OTORRINOLARINGOLOGIA
0404010539;OTORRINOLARINGOLOGIA
0404010547;OTORRINOLARINGOLOGIA
0404010555;OTORRINOLARINGOLOGIA
0404010563;OTORRINOLARINGOLOGIA
0404010571;OTORRINOLARINGOLOGIA
0404010580;OTORRINOLARINGOLOGIA
0404010598;OTORRINOLARINGOLOGIA
0404010601;OTORRINOLARINGOLOGIA
0404010610;OTORRINOLARINGOLOGIA
0404010628;OTORRINOLARINGOLOGIA
0404010636;OTORRINOLARINGOLOGIA
0404010644;OTORRINOLARINGOLOGIA
0404010652;OTORRINOLARINGOLOGIA
0404020011;PROCEDIMENTOS CIRURGICOS DIVERSOS
0404020038;PROCEDIMENTOS CIRURGICOS DIVERSOS
0404020046;PROCEDIMENTOS CIRURGICOS DIVERSOS
0404020062;PROCEDIMENTOS CIRURGICOS DIVERSOS
0404020070;PROCEDIMENTOS CIRURGICOS DIVERSOS
0404020089;PROCEDIMENTOS CIRURGICOS DIVERSOS
0404020119;PROCEDIMENTOS CIRURGICOS DIVERSOS
0404020135;PROCEDIMENTOS CIRURGICOS DIVERSOS
0404020143;PROCEDIMENTOS CIRURGICOS DIVERSOS
0404020178;PROCEDIMENTOS CIRURGICOS DIVERSOS
0404020208;PROCEDIMENTOS CIRURGICOS DIVERSOS
0404020224;PROCEDIMENTOS CIRURGICOS DIVERSOS
0404020232;PROCEDIMENTOS CIRURGICOS DIVERSOS
0404020240;PROCEDIMENTOS CIRURGICOS DIVERSOS
0404020275;PROCEDIMENTOS CIRURGICOS DIVERSOS
0404020291;PROCEDIMENTOS CIRURGICOS DIVERSOS
0404020313;PROCEDIMENTOS CIRURGICOS DIVERSOS
0404020321;PROCEDIMENTOS CIRURGICOS DIVERSOS
0404020348;PROCEDIMENTOS CIRURGICOS DIVERSOS
0404020356;PROCEDIMENTOS CIRURGICOS DIVERSOS
0404020380;PROCEDIMENTOS CIRURGICOS DIVERSOS
0404020399;PROCEDIMENTOS CIRURGICOS DIVERSOS
0404020429;PROCEDIMENTOS CIRURGICOS DIVERSOS
0404020453;PROCEDIMENTOS CIRURGICOS DIVERSOS
0404020461;PROCEDIMENTOS CIRURGICOS DIVERSOS
0404020470;PROCEDIMENTOS CIRURGICOS DIVERSOS
0404020488;PROCEDIMENTOS CIRURGICOS DIVERSOS
0404020496;PROCEDIMENTOS CIRURGICOS DIVERSOS
0404020500;PROCEDIMENTOS CIRURGICOS DIVERSOS
0404020518;PROCEDIMENTOS CIRURGICOS DIVERSOS
0404020526;PROCEDIMENTOS CIRURGICOS DIVERSOS
0404020534;PROCEDIMENTOS CIRURGICOS DIVERSOS
0404020550;PROCEDIMENTOS CIRURGICOS DIVERSOS
0404020569;PROCEDIMENTOS CIRURGICOS DIVERSOS
0404020585;PROCEDIMENTOS CIRURGICOS DIVERSOS
0404020593;PROCEDIMENTOS CIRURGICOS DIVERSOS
0404020607;PROCEDIMENTOS CIRURGICOS DIVERSOS
0404020640;PROCEDIMENTOS CIRURGICOS DIVERSOS
0404020658;PROCEDIMENTOS CIRURGICOS DIVERSOS
0404020690;PROCEDIMENTOS CIRURGICOS DIVERSOS
0404020704;PROCEDIMENTOS CIRURGICOS DIVERSOS
0404020712;PROCEDIMENTOS CIRURGICOS DIVERSOS
0404020720;PROCEDIMENTOS CIRURGICOS DIVERSOS
0404020739;PROCEDIMENTOS CIRURGICOS DIVERSOS
0404020771;PROCEDIMENTOS CIRURGICOS DIVERSOS
0404020780;PROCEDIMENTOS CIRURGICOS DIVERSOS
0404030017;PROCEDIMENTOS CIRURGICOS DIVERSOS
0404030033;PROCEDIMENTOS CIRURGICOS DIVERSOS
0404030041;PROCEDIMENTOS CIRURGICOS DIVERSOS
0404030050;PROCEDIMENTOS CIRURGICOS DIVERSOS
0404030068;PROCEDIMENTOS CIRURGICOS DIVERSOS
0404030076;PROCEDIMENTOS CIRURGICOS DIVERSOS
0404030084;PROCEDIMENTOS CIRURGICOS DIVERSOS
0404030106;PROCEDIMENTOS CIRURGICOS DIVERSOS
0404030122;PROCEDIMENTOS CIRURGICOS DIVERSOS
0404030130;PROCEDIMENTOS CIRURGICOS DIVERSOS
0404030157;PROCEDIMENTOS CIRURGICOS DIVERSOS
0404030165;PROCEDIMENTOS CIRURGICOS DIVERSOS
0404030173;PROCEDIMENTOS CIRURGICOS DIVERSOS
0404030190;PROCEDIMENTOS CIRURGICOS DIVERSOS
0404030220;PROCEDIMENTOS CIRURGICOS DIVERSOS
0404030246;PROCEDIMENTOS CIRURGICOS DIVERSOS
0404030254;PROCEDIMENTOS CIRURGICOS DIVERSOS
0404030262;PROCEDIMENTOS CIRURGICOS DIVERSOS
0404030270;PROCEDIMENTOS CIRURGICOS DIVERSOS
0404030289;PROCEDIMENTOS CIRURGICOS DIVERSOS
0404030297;PROCEDIMENTOS CIRURGICOS DIVERSOS
0404030300;PROCEDIMENTOS CIRURGICOS DIVERSOS
0404030319;PROCEDIMENTOS CIRURGICOS DIVERSOS
0404030327;PROCEDIMENTOS CIRURGICOS DIVERSOS
0405010010;OFTALMOLOGIA
0405010028;OFTALMOLOGIA
0405010036;OFTALMOLOGIA
0405010079;OFTALMOLOGIA
0405010087;OFTALMOLOGIA
0405010117;OFTALMOLOGIA
0405010125;OFTALMOLOGIA
0405010133;OFTALMOLOGIA
0405010150;OFTALMOLOGIA
0405020015;OFTALMOLOGIA
0405020023;OFTALMOLOGIA
0405030010;OFTALMOLOGIA
0405030029;OFTALMOLOGIA
0405030045;OFTALMOLOGIA
0405030070;OFTALMOLOGIA
0405030134;OFTALMOLOGIA
0405030142;OFTALMOLOGIA
0405030169;OFTALMOLOGIA
0405030177;OFTALMOLOGIA
0405030185;OFTALMOLOGIA
0405030193;OFTALMOLOGIA
0405040016;OFTALMOLOGIA
0405040024;OFTALMOLOGIA
0405040040;OFTALMOLOGIA
0405040059;OFTALMOLOGIA
0405040067;OFTALMOLOGIA
0405040075;OFTALMOLOGIA
0405040083;OFTALMOLOGIA
0405040091;OFTALMOLOGIA
0405040105;OFTALMOLOGIA
0405040148;OFTALMOLOGIA
0405040156;OFTALMOLOGIA
0405040164;OFTALMOLOGIA
0405040180;OFTALMOLOGIA
0405040202;OFTALMOLOGIA
0405040210;OFTALMOLOGIA
0405050011;OFTALMOLOGIA
0405050020;OFTALMOLOGIA
0405050046;OFTALMOLOGIA
0405050054;OFTALMOLOGIA
0405050097;OFTALMOLOGIA
0405050100;OFTALMOLOGIA
0405050119;OFTALMOLOGIA
0405050127;OFTALMOLOGIA
0405050135;OFTALMOLOGIA
0405050143;OFTALMOLOGIA
0405050151;OFTALMOLOGIA
0405050186;OFTALMOLOGIA
0405050194;OFTALMOLOGIA
0405050216;OFTALMOLOGIA
0405050224;OFTALMOLOGIA
0405050232;OFTALMOLOGIA
0405050313;OFTALMOLOGIA
0405050321;OFTALMOLOGIA
0405050356;OFTALMOLOGIA
0405050372;OFTALMOLOGIA
0405050380;OFTALMOLOGIA
0405050402;OFTALMOLOGIA
0406010013;CARDIOLOGIA
0406010021;CARDIOLOGIA
0406010030;CARDIOLOGIA
0406010048;CARDIOLOGIA
0406010056;CARDIOLOGIA
0406010064;CARDIOLOGIA
0406010072;CARDIOLOGIA
0406010080;CARDIOLOGIA
0406010099;CARDIOLOGIA
0406010110;CARDIOLOGIA
0406010137;CARDIOLOGIA
0406010153;CARDIOLOGIA
0406010161;CARDIOLOGIA
0406010170;CARDIOLOGIA
0406010188;CARDIOLOGIA
0406010196;CARDIOLOGIA
0406010200;CARDIOLOGIA
0406010218;CARDIOLOGIA
0406010226;CARDIOLOGIA
0406010234;CARDIOLOGIA
0406010242;CARDIOLOGIA
0406010250;CARDIOLOGIA
0406010269;CARDIOLOGIA
0406010277;CARDIOLOGIA
0406010285;CARDIOLOGIA
0406010293;CARDIOLOGIA
0406010307;CARDIOLOGIA
0406010315;CARDIOLOGIA
0406010323;CARDIOLOGIA
0406010331;CARDIOLOGIA
0406010340;CARDIOLOGIA
0406010358;CARDIOLOGIA
0406010366;CARDIOLOGIA
0406010374;CARDIOLOGIA
0406010382;CARDIOLOGIA
0406010390;CARDIOLOGIA
0406010404;CARDIOLOGIA
0406010412;CARDIOLOGIA
0406010420;CARDIOLOGIA
0406010439;CARDIOLOGIA
0406010447;CARDIOLOGIA
0406010455;CARDIOLOGIA
0406010463;CARDIOLOGIA
0406010471;CARDIOLOGIA
0406010480;CARDIOLOGIA
0406010498;CARDIOLOGIA
0406010501;CARDIOLOGIA
0406010510;CARDIOLOGIA
0406010528;CARDIOLOGIA
0406010536;CARDIOLOGIA
0406010544;CARDIOLOGIA
0406010552;CARDIOLOGIA
0406010560;CARDIOLOGIA
0406010579;CARDIOLOGIA
0406010587;CARDIOLOGIA
0406010595;CARDIOLOGIA
0406010609;CARDIOLOGIA
0406010617;CARDIOLOGIA
0406010625;CARDIOLOGIA
0406010633;CARDIOLOGIA
0406010641;CARDIOLOGIA
0406010650;CARDIOLOGIA
0406010668;CARDIOLOGIA
0406010676;CARDIOLOGIA
0406010684;CARDIOLOGIA
0406010692;CARDIOLOGIA
0406010706;CARDIOLOGIA
0406010714;CARDIOLOGIA
0406010730;CARDIOLOGIA
0406010757;CARDIOLOGIA
0406010765;CARDIOLOGIA
0406010773;CARDIOLOGIA
0406010781;CARDIOLOGIA
0406010790;CARDIOLOGIA
0406010803;CARDIOLOGIA
0406010811;CARDIOLOGIA
0406010820;CARDIOLOGIA
0406010838;CARDIOLOGIA
0406010846;CARDIOLOGIA
0406010854;CARDIOLOGIA
0406010862;CARDIOLOGIA
0406010870;CARDIOLOGIA
0406010889;CARDIOLOGIA
0406010897;CARDIOLOGIA
0406010900;CARDIOLOGIA
0406010919;CARDIOLOGIA
0406010927;CARDIOLOGIA
0406010935;CARDIOLOGIA
0406010943;CARDIOLOGIA
0406010951;CARDIOLOGIA
0406010986;CARDIOLOGIA
0406010994;CARDIOLOGIA
0406011001;CARDIOLOGIA
0406011010;CARDIOLOGIA
0406011028;CARDIOLOGIA
0406011036;CARDIOLOGIA
0406011044;CARDIOLOGIA
0406011052;CARDIOLOGIA
0406011079;CARDIOLOGIA
0406011087;CARDIOLOGIA
0406011095;CARDIOLOGIA
0406011109;CARDIOLOGIA
0406011117;CARDIOLOGIA
0406011125;CARDIOLOGIA
0406011133;CARDIOLOGIA
0406011141;CARDIOLOGIA
0406011150;CARDIOLOGIA
0406011168;CARDIOLOGIA
0406011176;CARDIOLOGIA
0406011184;CARDIOLOGIA
0406011192;CARDIOLOGIA
0406011206;CARDIOLOGIA
0406011214;CARDIOLOGIA
0406011222;CARDIOLOGIA
0406011230;CARDIOLOGIA
0406011249;CARDIOLOGIA
0406011257;CARDIOLOGIA
0406011265;CARDIOLOGIA
0406011273;CARDIOLOGIA
0406011281;CARDIOLOGIA
0406011290;CARDIOLOGIA
0406011303;CARDIOLOGIA
0406011311;CARDIOLOGIA
0406011320;CARDIOLOGIA
0406011338;CARDIOLOGIA
0406011346;CARDIOLOGIA
0406011354;CARDIOLOGIA
0406011362;CARDIOLOGIA
0406011370;CARDIOLOGIA
0406011389;CARDIOLOGIA
0406011397;CARDIOLOGIA
0406011400;CARDIOLOGIA
0406011419;CARDIOLOGIA
0406011427;CARDIOLOGIA
0406011435;CARDIOLOGIA
0406011443;CARDIOLOGIA
0406011451;CARDIOLOGIA
0406011460;CARDIOLOGIA
0406011478;CARDIOLOGIA
0406011486;CARDIOLOGIA
0406011494;CARDIOLOGIA
0406011508;CARDIOLOGIA
0406011516;CARDIOLOGIA
0406020019;PROCEDIMENTOS CIRURGICOS DIVERSOS
0406020027;PROCEDIMENTOS CIRURGICOS DIVERSOS
0406020035;PROCEDIMENTOS CIRURGICOS DIVERSOS
0406020043;PROCEDIMENTOS CIRURGICOS DIVERSOS
0406020051;PROCEDIMENTOS CIRURGICOS DIVERSOS
0406020078;PROCEDIMENTOS CIRURGICOS DIVERSOS
0406020108;PROCEDIMENTOS CIRURGICOS DIVERSOS
0406020116;PROCEDIMENTOS CIRURGICOS DIVERSOS
0406020159;PROCEDIMENTOS CIRURGICOS DIVERSOS
0406020191;PROCEDIMENTOS CIRURGICOS DIVERSOS
0406020213;PROCEDIMENTOS CIRURGICOS DIVERSOS
0406020221;PROCEDIMENTOS CIRURGICOS DIVERSOS
0406020230;PROCEDIMENTOS CIRURGICOS DIVERSOS
0406020248;PROCEDIMENTOS CIRURGICOS DIVERSOS
0406020256;PROCEDIMENTOS CIRURGICOS DIVERSOS
0406020264;PROCEDIMENTOS CIRURGICOS DIVERSOS
0406020272;PROCEDIMENTOS CIRURGICOS DIVERSOS
0406020280;PROCEDIMENTOS CIRURGICOS DIVERSOS
0406020302;PROCEDIMENTOS CIRURGICOS DIVERSOS
0406020310;PROCEDIMENTOS CIRURGICOS DIVERSOS
0406020329;PROCEDIMENTOS CIRURGICOS DIVERSOS
0406020337;PROCEDIMENTOS CIRURGICOS DIVERSOS
0406020345;PROCEDIMENTOS CIRURGICOS DIVERSOS
0406020353;PROCEDIMENTOS CIRURGICOS DIVERSOS
0406020361;PROCEDIMENTOS CIRURGICOS DIVERSOS
0406020370;PROCEDIMENTOS CIRURGICOS DIVERSOS
0406020388;PROCEDIMENTOS CIRURGICOS DIVERSOS
0406020396;PROCEDIMENTOS CIRURGICOS DIVERSOS
0406020400;CARDIOLOGIA
0406020418;PROCEDIMENTOS CIRURGICOS DIVERSOS
0406020426;PROCEDIMENTOS CIRURGICOS DIVERSOS
0406020434;PROCEDIMENTOS CIRURGICOS DIVERSOS
0406020442;PROCEDIMENTOS CIRURGICOS DIVERSOS
0406020450;PROCEDIMENTOS CIRURGICOS DIVERSOS
0406020469;PROCEDIMENTOS CIRURGICOS DIVERSOS
0406020477;PROCEDIMENTOS CIRURGICOS DIVERSOS
0406020485;PROCEDIMENTOS CIRURGICOS DIVERSOS
0406020558;PROCEDIMENTOS CIRURGICOS DIVERSOS
0406020566;PROCEDIMENTOS CIRURGICOS DIVERSOS
0406020574;PROCEDIMENTOS CIRURGICOS DIVERSOS
0406020582;PROCEDIMENTOS CIRURGICOS DIVERSOS
0406020590;PROCEDIMENTOS CIRURGICOS DIVERSOS
0406020604;PROCEDIMENTOS CIRURGICOS DIVERSOS
0406030014;CARDIOLOGIA
0406030022;CARDIOLOGIA
0406030030;CARDIOLOGIA
0406030057;CARDIOLOGIA
0406030065;CARDIOLOGIA
0406030073;CARDIOLOGIA
0406030081;CARDIOLOGIA
0406030090;CARDIOLOGIA
0406030103;CARDIOLOGIA
0406030111;CARDIOLOGIA
0406030120;CARDIOLOGIA
0406030138;CARDIOLOGIA
0406030146;CARDIOLOGIA
0406030154;CARDIOLOGIA
0406040010;PROCEDIMENTOS CIRURGICOS DIVERSOS
0406040028;PROCEDIMENTOS CIRURGICOS DIVERSOS
0406040044;PROCEDIMENTOS CIRURGICOS DIVERSOS
0406040052;PROCEDIMENTOS CIRURGICOS DIVERSOS
0406040060;PROCEDIMENTOS CIRURGICOS DIVERSOS
0406040079;PROCEDIMENTOS CIRURGICOS DIVERSOS
0406040087;PROCEDIMENTOS CIRURGICOS DIVERSOS
0406040095;PROCEDIMENTOS CIRURGICOS DIVERSOS
0406040109;PROCEDIMENTOS CIRURGICOS DIVERSOS
0406040117;PROCEDIMENTOS CIRURGICOS DIVERSOS
0406040125;PROCEDIMENTOS CIRURGICOS DIVERSOS
0406040133;PROCEDIMENTOS CIRURGICOS DIVERSOS
0406040141;PROCEDIMENTOS CIRURGICOS DIVERSOS
0406040150;PROCEDIMENTOS CIRURGICOS DIVERSOS
0406040168;PROCEDIMENTOS CIRURGICOS DIVERSOS
0406040176;PROCEDIMENTOS CIRURGICOS DIVERSOS
0406040184;CARDIOLOGIA
0406040192;PROCEDIMENTOS CIRURGICOS DIVERSOS
0406040206;PROCEDIMENTOS CIRURGICOS DIVERSOS
0406040214;PROCEDIMENTOS CIRURGICOS DIVERSOS
0406040222;PROCEDIMENTOS CIRURGICOS DIVERSOS
0406040265;PROCEDIMENTOS CIRURGICOS DIVERSOS
0406040273;PROCEDIMENTOS CIRURGICOS DIVERSOS
0406040281;PROCEDIMENTOS CIRURGICOS DIVERSOS
0406040290;PROCEDIMENTOS CIRURGICOS DIVERSOS
0406040303;PROCEDIMENTOS CIRURGICOS DIVERSOS
0406040311;PROCEDIMENTOS CIRURGICOS DIVERSOS
0406040320;PROCEDIMENTOS CIRURGICOS DIVERSOS
0406040338;PROCEDIMENTOS CIRURGICOS DIVERSOS
0406050015;CARDIOLOGIA
0406050023;CARDIOLOGIA
0406050031;CARDIOLOGIA
0406050040;CARDIOLOGIA
0406050058;CARDIOLOGIA
0406050066;CARDIOLOGIA
0406050074;CARDIOLOGIA
0406050082;CARDIOLOGIA
0406050090;CARDIOLOGIA
0406050104;CARDIOLOGIA
0406050112;CARDIOLOGIA
0406050120;CARDIOLOGIA
0406050139;CARDIOLOGIA
0407010017;PROCEDIMENTOS CIRURGICOS DIVERSOS
0407010033;PROCEDIMENTOS CIRURGICOS DIVERSOS
0407010041;PROCEDIMENTOS CIRURGICOS DIVERSOS
0407010050;PROCEDIMENTOS CIRURGICOS DIVERSOS
0407010068;PROCEDIMENTOS CIRURGICOS DIVERSOS
0407010076;PROCEDIMENTOS CIRURGICOS DIVERSOS
0407010084;PROCEDIMENTOS CIRURGICOS DIVERSOS
0407010092;PROCEDIMENTOS CIRURGICOS DIVERSOS
0407010106;PROCEDIMENTOS CIRURGICOS DIVERSOS
0407010114;PROCEDIMENTOS CIRURGICOS DIVERSOS
0407010122;ONCOLOGIA
0407010130;ONCOLOGIA
0407010149;PROCEDIMENTOS CIRURGICOS DIVERSOS
0407010157;PROCEDIMENTOS CIRURGICOS DIVERSOS
0407010165;PROCEDIMENTOS CIRURGICOS DIVERSOS
0407010173;PROCEDIMENTOS CIRURGICOS DIVERSOS
0407010181;PROCEDIMENTOS CIRURGICOS DIVERSOS
0407010211;PROCEDIMENTOS CIRURGICOS DIVERSOS
0407010220;PROCEDIMENTOS CIRURGICOS DIVERSOS
0407010238;PROCEDIMENTOS CIRURGICOS DIVERSOS
0407010270;PROCEDIMENTOS CIRURGICOS DIVERSOS
0407010289;PROCEDIMENTOS CIRURGICOS DIVERSOS
0407010297;PROCEDIMENTOS CIRURGICOS DIVERSOS
0407010300;PROCEDIMENTOS CIRURGICOS DIVERSOS
0407010335;PROCEDIMENTOS CIRURGICOS DIVERSOS
0407010343;PROCEDIMENTOS CIRURGICOS DIVERSOS
0407010351;PROCEDIMENTOS CIRURGICOS DIVERSOS
0407010360;PROCEDIMENTOS CIRURGICOS DIVERSOS
0407010378;PROCEDIMENTOS CIRURGICOS DIVERSOS
0407010386;PROCEDIMENTOS CIRURGICOS DIVERSOS
0407020012;PROCEDIMENTOS CIRURGICOS DIVERSOS
0407020020;PROCEDIMENTOS CIRURGICOS DIVERSOS
0407020063;PROCEDIMENTOS CIRURGICOS DIVERSOS
0407020071;ONCOLOGIA
0407020080;ONCOLOGIA
0407020110;PROCEDIMENTOS CIRURGICOS DIVERSOS
0407020144;PROCEDIMENTOS CIRURGICOS DIVERSOS
0407020152;PROCEDIMENTOS CIRURGICOS DIVERSOS
0407020179;PROCEDIMENTOS CIRURGICOS DIVERSOS
0407020187;PROCEDIMENTOS CIRURGICOS DIVERSOS
0407020195;PROCEDIMENTOS CIRURGICOS DIVERSOS
0407020217;PROCEDIMENTOS CIRURGICOS DIVERSOS
0407020225;PROCEDIMENTOS CIRURGICOS DIVERSOS
0407020233;PROCEDIMENTOS CIRURGICOS DIVERSOS
0407020241;PROCEDIMENTOS CIRURGICOS DIVERSOS
0407020250;PROCEDIMENTOS CIRURGICOS DIVERSOS
0407020268;PROCEDIMENTOS CIRURGICOS DIVERSOS
0407020276;PROCEDIMENTOS CIRURGICOS DIVERSOS
0407020284;PROCEDIMENTOS CIRURGICOS DIVERSOS
0407020292;PROCEDIMENTOS CIRURGICOS DIVERSOS
0407020322;PROCEDIMENTOS CIRURGICOS DIVERSOS
0407020330;ONCOLOGIA
0407020349;PROCEDIMENTOS CIRURGICOS DIVERSOS
0407020357;PROCEDIMENTOS CIRURGICOS DIVERSOS
0407020403;PROCEDIMENTOS CIRURGICOS DIVERSOS
0407020411;PROCEDIMENTOS CIRURGICOS DIVERSOS
0407020420;PROCEDIMENTOS CIRURGICOS DIVERSOS
0407020438;PROCEDIMENTOS CIRURGICOS DIVERSOS
0407020454;PROCEDIMENTOS CIRURGICOS DIVERSOS
0407020462;PROCEDIMENTOS CIRURGICOS DIVERSOS
0407020470;PROCEDIMENTOS CIRURGICOS DIVERSOS
0407030018;PROCEDIMENTOS CIRURGICOS DIVERSOS
0407030026;PROCEDIMENTOS CIRURGICOS DIVERSOS
0407030034;PROCEDIMENTOS CIRURGICOS DIVERSOS
0407030042;PROCEDIMENTOS CIRURGICOS DIVERSOS
0407030050;PROCEDIMENTOS CIRURGICOS DIVERSOS
0407030069;PROCEDIMENTOS CIRURGICOS DIVERSOS
0407030077;PROCEDIMENTOS CIRURGICOS DIVERSOS
0407030123;PROCEDIMENTOS CIRURGICOS DIVERSOS
0407030131;PROCEDIMENTOS CIRURGICOS DIVERSOS
0407030166;PROCEDIMENTOS CIRURGICOS DIVERSOS
0407030174;PROCEDIMENTOS CIRURGICOS DIVERSOS
0407030182;PROCEDIMENTOS CIRURGICOS DIVERSOS
0407030190;PROCEDIMENTOS CIRURGICOS DIVERSOS
0407030204;PROCEDIMENTOS CIRURGICOS DIVERSOS
0407030212;PROCEDIMENTOS CIRURGICOS DIVERSOS
0407030220;PROCEDIMENTOS CIRURGICOS DIVERSOS
0407030247;PROCEDIMENTOS CIRURGICOS DIVERSOS
0407030255;PROCEDIMENTOS CIRURGICOS DIVERSOS
0407040048;PROCEDIMENTOS CIRURGICOS DIVERSOS
0407040056;PROCEDIMENTOS CIRURGICOS DIVERSOS
0407040064;PROCEDIMENTOS CIRURGICOS DIVERSOS
0407040072;PROCEDIMENTOS CIRURGICOS DIVERSOS
0407040080;PROCEDIMENTOS CIRURGICOS DIVERSOS
0407040099;PROCEDIMENTOS CIRURGICOS DIVERSOS
0407040102;PROCEDIMENTOS CIRURGICOS DIVERSOS
0407040110;PROCEDIMENTOS CIRURGICOS DIVERSOS
0407040129;PROCEDIMENTOS CIRURGICOS DIVERSOS
0407040137;PROCEDIMENTOS CIRURGICOS DIVERSOS
0407040153;PROCEDIMENTOS CIRURGICOS DIVERSOS
0407040161;PROCEDIMENTOS CIRURGICOS DIVERSOS
0407040170;PROCEDIMENTOS CIRURGICOS DIVERSOS
0407040200;PROCEDIMENTOS CIRURGICOS DIVERSOS
0407040226;PROCEDIMENTOS CIRURGICOS DIVERSOS
0407040234;PROCEDIMENTOS CIRURGICOS DIVERSOS
0407040269;PROCEDIMENTOS CIRURGICOS DIVERSOS
0408010010;ORTOPEDIA
0408010029;ORTOPEDIA
0408010037;ORTOPEDIA
0408010045;ORTOPEDIA
0408010053;ORTOPEDIA
0408010061;ORTOPEDIA
0408010070;ORTOPEDIA
0408010088;ORTOPEDIA
0408010096;ORTOPEDIA
0408010100;ORTOPEDIA
0408010118;ORTOPEDIA
0408010142;ORTOPEDIA
0408010185;ORTOPEDIA
0408010193;ORTOPEDIA
0408010207;ORTOPEDIA
0408010215;ORTOPEDIA
0408010223;ORTOPEDIA
0408010231;ORTOPEDIA
0408020032;ORTOPEDIA
0408020040;ORTOPEDIA
0408020059;ORTOPEDIA
0408020067;ORTOPEDIA
0408020075;ORTOPEDIA
0408020083;ORTOPEDIA
0408020091;ORTOPEDIA
0408020121;ORTOPEDIA
0408020130;ORTOPEDIA
0408020148;ORTOPEDIA
0408020474;ORTOPEDIA
0408020482;ORTOPEDIA
0408020490;ORTOPEDIA
0408020504;ORTOPEDIA
0408020555;ORTOPEDIA
0408020563;ORTOPEDIA
0408020571;ORTOPEDIA
0408020580;ORTOPEDIA
0408020598;ORTOPEDIA
0408020601;ORTOPEDIA
0408020610;ORTOPEDIA
0408020628;ORTOPEDIA
0408020636;ORTOPEDIA
0408020644;ORTOPEDIA
0408030011;ORTOPEDIA
0408030020;ORTOPEDIA
0408030038;ORTOPEDIA
0408030046;ORTOPEDIA
0408030054;ORTOPEDIA
0408030062;ORTOPEDIA
0408030070;ORTOPEDIA
0408030089;ORTOPEDIA
0408030097;ORTOPEDIA
0408030100;ORTOPEDIA
0408030119;ORTOPEDIA
0408030127;ORTOPEDIA
0408030135;ORTOPEDIA
0408030143;ORTOPEDIA
0408030151;ORTOPEDIA
0408030160;ORTOPEDIA
0408030178;ORTOPEDIA
0408030186;ORTOPEDIA
0408030194;ORTOPEDIA
0408030208;ORTOPEDIA
0408030216;ORTOPEDIA
0408030224;ORTOPEDIA
0408030232;ORTOPEDIA
0408030240;ORTOPEDIA
0408030259;ORTOPEDIA
0408030267;ORTOPEDIA
0408030275;ORTOPEDIA
0408030283;ORTOPEDIA
0408030291;ORTOPEDIA
0408030305;ORTOPEDIA
0408030313;ORTOPEDIA
0408030321;ORTOPEDIA
0408030330;ORTOPEDIA
0408030348;ORTOPEDIA
0408030356;ORTOPEDIA
0408030364;ORTOPEDIA
0408030372;ORTOPEDIA
0408030380;ORTOPEDIA
0408030399;ORTOPEDIA
0408030402;ORTOPEDIA
0408030410;ORTOPEDIA
0408030429;ORTOPEDIA
0408030437;ORTOPEDIA
0408030445;ORTOPEDIA
0408030453;ORTOPEDIA
0408030461;ORTOPEDIA
0408030500;ORTOPEDIA
0408030518;ORTOPEDIA
0408030526;ORTOPEDIA
0408030534;ORTOPEDIA
0408030542;ORTOPEDIA
0408030550;ORTOPEDIA
0408030569;ORTOPEDIA
0408030577;ORTOPEDIA
0408030585;ORTOPEDIA
0408030593;ORTOPEDIA
0408030607;ORTOPEDIA
0408030615;ORTOPEDIA
0408030623;ORTOPEDIA
0408030631;ORTOPEDIA
0408030640;ORTOPEDIA
0408030658;ORTOPEDIA
0408030666;ORTOPEDIA
0408030674;ORTOPEDIA
0408030682;ORTOPEDIA
0408030690;ORTOPEDIA
0408030704;ORTOPEDIA
0408030712;ORTOPEDIA
0408030720;ORTOPEDIA
0408030739;ORTOPEDIA
0408030747;ORTOPEDIA
0408030755;ORTOPEDIA
0408030763;ORTOPEDIA
0408030771;ORTOPEDIA
0408030780;ORTOPEDIA
0408030798;ORTOPEDIA
0408030801;ORTOPEDIA
0408030810;ORTOPEDIA
0408030828;ORTOPEDIA
0408030836;ORTOPEDIA
0408030844;ORTOPEDIA
0408030852;ORTOPEDIA
0408030860;ORTOPEDIA
0408030879;ORTOPEDIA
0408030887;ORTOPEDIA
0408030895;ORTOPEDIA
0408030909;ORTOPEDIA
0408030917;ORTOPEDIA
0408040017;ORTOPEDIA
0408040025;ORTOPEDIA
0408040033;ORTOPEDIA
0408040041;ORTOPEDIA
0408040050;ORTOPEDIA
0408040068;ORTOPEDIA
0408040076;ORTOPEDIA
0408040084;ORTOPEDIA
0408040092;ORTOPEDIA
0408040122;ORTOPEDIA
0408040130;ORTOPEDIA
0408040149;ORTOPEDIA
0408040157;ORTOPEDIA
0408040165;ORTOPEDIA
0408040173;ORTOPEDIA
0408040181;ORTOPEDIA
0408040220;ORTOPEDIA
0408040262;ORTOPEDIA
0408040327;ORTOPEDIA
0408050039;ORTOPEDIA
0408050047;ORTOPEDIA
0408050055;ORTOPEDIA
0408050063;ORTOPEDIA
0408050071;ORTOPEDIA
0408050101;ORTOPEDIA
0408050110;ORTOPEDIA
0408050128;ORTOPEDIA
0408050136;ORTOPEDIA
0408050144;ORTOPEDIA
0408050152;ORTOPEDIA
0408050160;ORTOPEDIA
0408050179;ORTOPEDIA
0408050322;ORTOPEDIA
0408050330;ORTOPEDIA
0408050349;ORTOPEDIA
0408050357;ORTOPEDIA
0408050365;ORTOPEDIA
0408050373;ORTOPEDIA
0408050381;ORTOPEDIA
0408050390;ORTOPEDIA
0408050403;ORTOPEDIA
0408050411;ORTOPEDIA
0408050420;ORTOPEDIA
0408050438;ORTOPEDIA
0408050446;ORTOPEDIA
0408050640;ORTOPEDIA
0408050659;ORTOPEDIA
0408050667;ORTOPEDIA
0408050675;ORTOPEDIA
0408050721;ORTOPEDIA
0408050730;ORTOPEDIA
0408050748;ORTOPEDIA
0408050756;ORTOPEDIA
0408050764;ORTOPEDIA
0408050772;ORTOPEDIA
0408050780;ORTOPEDIA
0408050799;ORTOPEDIA
0408050802;ORTOPEDIA
0408050810;ORTOPEDIA
0408050829;ORTOPEDIA
0408050837;ORTOPEDIA
0408050845;ORTOPEDIA
0408050853;ORTOPEDIA
0408050861;ORTOPEDIA
0408050870;ORTOPEDIA
0408050888;ORTOPEDIA
0408050896;ORTOPEDIA
0408050900;ORTOPEDIA
0408050918;ORTOPEDIA
0408050926;ORTOPEDIA
0408060018;ORTOPEDIA
0408060026;ORTOPEDIA
0408060034;ORTOPEDIA
0408060050;ORTOPEDIA
0408060069;ORTOPEDIA
0408060077;ORTOPEDIA
0408060085;ORTOPEDIA
0408060093;ORTOPEDIA
0408060107;ORTOPEDIA
0408060115;ORTOPEDIA
0408060123;ORTOPEDIA
0408060131;ORTOPEDIA
0408060140;ORTOPEDIA
0408060158;ORTOPEDIA
0408060166;ORTOPEDIA
0408060174;ORTOPEDIA
0408060182;ORTOPEDIA
0408060190;ORTOPEDIA
0408060204;ORTOPEDIA
0408060212;ORTOPEDIA
0408060239;ORTOPEDIA
0408060247;ORTOPEDIA
0408060255;ORTOPEDIA
0408060263;ORTOPEDIA
0408060271;ORTOPEDIA
0408060280;ORTOPEDIA
0408060298;ORTOPEDIA
0408060301;ORTOPEDIA
0408060310;ORTOPEDIA
0408060328;ORTOPEDIA
0408060336;ORTOPEDIA
0408060344;ORTOPEDIA
0408060352;ORTOPEDIA
0408060360;ORTOPEDIA
0408060379;ORTOPEDIA
0408060387;ORTOPEDIA
0408060395;ORTOPEDIA
0408060409;ORTOPEDIA
0408060417;ORTOPEDIA
0408060425;ORTOPEDIA
0408060433;ORTOPEDIA
0408060441;ORTOPEDIA
0408060450;ORTOPEDIA
0408060468;ORTOPEDIA
0408060476;ORTOPEDIA
0408060484;ORTOPEDIA
0408060492;ORTOPEDIA
0408060506;ORTOPEDIA
0408060514;ORTOPEDIA
0408060522;ORTOPEDIA
0408060530;ORTOPEDIA
0408060549;ORTOPEDIA
0408060573;ORTOPEDIA
0408060581;ORTOPEDIA
0408060590;ORTOPEDIA
0408060603;ORTOPEDIA
0408060646;ORTOPEDIA
0408060662;ORTOPEDIA
0408060670;ORTOPEDIA
0408060697;ORTOPEDIA
0408060700;ORTOPEDIA
0409010014;PROCEDIMENTOS CIRURGICOS DIVERSOS
0409010022;PROCEDIMENTOS CIRURGICOS DIVERSOS
0409010030;PROCEDIMENTOS CIRURGICOS DIVERSOS
0409010049;PROCEDIMENTOS CIRURGICOS DIVERSOS
0409010057;PROCEDIMENTOS CIRURGICOS DIVERSOS
0409010065;PROCEDIMENTOS CIRURGICOS DIVERSOS
0409010073;PROCEDIMENTOS CIRURGICOS DIVERSOS
0409010090;PROCEDIMENTOS CIRURGICOS DIVERSOS
0409010120;PROCEDIMENTOS CIRURGICOS DIVERSOS
0409010146;PROCEDIMENTOS CIRURGICOS DIVERSOS
0409010170;PROCEDIMENTOS CIRURGICOS DIVERSOS
0409010189;PROCEDIMENTOS CIRURGICOS DIVERSOS
0409010197;PROCEDIMENTOS CIRURGICOS DIVERSOS
0409010200;PROCEDIMENTOS CIRURGICOS DIVERSOS
0409010219;PROCEDIMENTOS CIRURGICOS DIVERSOS
0409010227;PROCEDIMENTOS CIRURGICOS DIVERSOS
0409010235;PROCEDIMENTOS CIRURGICOS DIVERSOS
0409010243;PROCEDIMENTOS CIRURGICOS DIVERSOS
0409010251;PROCEDIMENTOS CIRURGICOS DIVERSOS
0409010286;PROCEDIMENTOS CIRURGICOS DIVERSOS
0409010294;PROCEDIMENTOS CIRURGICOS DIVERSOS
0409010308;PROCEDIMENTOS CIRURGICOS DIVERSOS
0409010316;PROCEDIMENTOS CIRURGICOS DIVERSOS
0409010324;PROCEDIMENTOS CIRURGICOS DIVERSOS
0409010332;PROCEDIMENTOS CIRURGICOS DIVERSOS
0409010340;PROCEDIMENTOS CIRURGICOS DIVERSOS
0409010367;PROCEDIMENTOS CIRURGICOS DIVERSOS
0409010375;PROCEDIMENTOS CIRURGICOS DIVERSOS
0409010383;PROCEDIMENTOS CIRURGICOS DIVERSOS
0409010391;PROCEDIMENTOS CIRURGICOS DIVERSOS
0409010405;PROCEDIMENTOS CIRURGICOS DIVERSOS
0409010413;PROCEDIMENTOS CIRURGICOS DIVERSOS
0409010430;PROCEDIMENTOS CIRURGICOS DIVERSOS
0409010456;PROCEDIMENTOS CIRURGICOS DIVERSOS
0409010464;PROCEDIMENTOS CIRURGICOS DIVERSOS
0409010472;PROCEDIMENTOS CIRURGICOS DIVERSOS
0409010480;PROCEDIMENTOS CIRURGICOS DIVERSOS
0409010499;PROCEDIMENTOS CIRURGICOS DIVERSOS
0409010502;PROCEDIMENTOS CIRURGICOS DIVERSOS
0409010510;PROCEDIMENTOS CIRURGICOS DIVERSOS
0409010529;PROCEDIMENTOS CIRURGICOS DIVERSOS
0409010537;PROCEDIMENTOS CIRURGICOS DIVERSOS
0409010545;PROCEDIMENTOS CIRURGICOS DIVERSOS
0409010553;PROCEDIMENTOS CIRURGICOS DIVERSOS
0409010561;PROCEDIMENTOS CIRURGICOS DIVERSOS
0409010570;PROCEDIMENTOS CIRURGICOS DIVERSOS
0409010588;PROCEDIMENTOS CIRURGICOS DIVERSOS
0409010596;PROCEDIMENTOS CIRURGICOS DIVERSOS
0409020044;PROCEDIMENTOS CIRURGICOS DIVERSOS
0409020052;PROCEDIMENTOS CIRURGICOS DIVERSOS
0409020079;PROCEDIMENTOS CIRURGICOS DIVERSOS
0409020087;PROCEDIMENTOS CIRURGICOS DIVERSOS
0409020095;PROCEDIMENTOS CIRURGICOS DIVERSOS
0409020109;PROCEDIMENTOS CIRURGICOS DIVERSOS
0409020125;PROCEDIMENTOS CIRURGICOS DIVERSOS
0409020133;PROCEDIMENTOS CIRURGICOS DIVERSOS
0409020141;PROCEDIMENTOS CIRURGICOS DIVERSOS
0409020168;PROCEDIMENTOS CIRURGICOS DIVERSOS
0409020176;PROCEDIMENTOS CIRURGICOS DIVERSOS
0409030023;ONCOLOGIA
0409030031;ONCOLOGIA
0409030040;ONCOLOGIA
0409040037;PROCEDIMENTOS CIRURGICOS DIVERSOS
0409040045;PROCEDIMENTOS CIRURGICOS DIVERSOS
0409040053;PROCEDIMENTOS CIRURGICOS DIVERSOS
0409040070;PROCEDIMENTOS CIRURGICOS DIVERSOS
0409040088;PROCEDIMENTOS CIRURGICOS DIVERSOS
0409040096;PROCEDIMENTOS CIRURGICOS DIVERSOS
0409040118;PROCEDIMENTOS CIRURGICOS DIVERSOS
0409040126;PROCEDIMENTOS CIRURGICOS DIVERSOS
0409040134;PROCEDIMENTOS CIRURGICOS DIVERSOS
0409040142;PROCEDIMENTOS CIRURGICOS DIVERSOS
0409040150;PROCEDIMENTOS CIRURGICOS DIVERSOS
0409040169;PROCEDIMENTOS CIRURGICOS DIVERSOS
0409040177;PROCEDIMENTOS CIRURGICOS DIVERSOS
0409040185;PROCEDIMENTOS CIRURGICOS DIVERSOS
0409040193;PROCEDIMENTOS CIRURGICOS DIVERSOS
0409040207;PROCEDIMENTOS CIRURGICOS DIVERSOS
0409040215;PROCEDIMENTOS CIRURGICOS DIVERSOS
0409040231;PROCEDIMENTOS CIRURGICOS DIVERSOS
0409040240;PROCEDIMENTOS CIRURGICOS DIVERSOS
0409050016;PROCEDIMENTOS CIRURGICOS DIVERSOS
0409050024;PROCEDIMENTOS CIRURGICOS DIVERSOS
0409050032;PROCEDIMENTOS CIRURGICOS DIVERSOS
0409050040;PROCEDIMENTOS CIRURGICOS DIVERSOS
0409050075;PROCEDIMENTOS CIRURGICOS DIVERSOS
0409050083;PROCEDIMENTOS CIRURGICOS DIVERSOS
0409050091;PROCEDIMENTOS CIRURGICOS DIVERSOS
0409050105;PROCEDIMENTOS CIRURGICOS DIVERSOS
0409050130;PROCEDIMENTOS CIRURGICOS DIVERSOS
0409050148;PROCEDIMENTOS CIRURGICOS DIVERSOS
0409060011;GINECOLOGIA
0409060020;GINECOLOGIA
0409060038;ONCOLOGIA
0409060046;GINECOLOGIA
0409060054;GINECOLOGIA
0409060100;GINECOLOGIA
0409060119;GINECOLOGIA
0409060127;GINECOLOGIA
0409060135;GINECOLOGIA
0409060143;GINECOLOGIA
0409060151;GINECOLOGIA
0409060178;GINECOLOGIA
0409060186;GINECOLOGIA
0409060194;GINECOLOGIA
0409060208;GINECOLOGIA
0409060216;GINECOLOGIA
0409060224;GINECOLOGIA
0409060232;GINECOLOGIA
0409060240;GINECOLOGIA
0409060259;GINECOLOGIA
0409060267;GINECOLOGIA
0409060275;GINECOLOGIA
0409060283;GINECOLOGIA
0409060291;GINECOLOGIA
0409070017;GINECOLOGIA
0409070025;GINECOLOGIA
0409070033;GINECOLOGIA
0409070041;GINECOLOGIA
0409070050;GINECOLOGIA
0409070068;GINECOLOGIA
0409070076;GINECOLOGIA
0409070084;GINECOLOGIA
0409070106;GINECOLOGIA
0409070114;GINECOLOGIA
0409070130;GINECOLOGIA
0409070149;GINECOLOGIA
0409070157;GINECOLOGIA
0409070190;GINECOLOGIA
0409070203;GINECOLOGIA
0409070211;GINECOLOGIA
0409070220;GINECOLOGIA
0409070238;GINECOLOGIA
0409070246;GINECOLOGIA
0409070254;GINECOLOGIA
0409070262;GINECOLOGIA
0409070270;GINECOLOGIA
0409070289;GINECOLOGIA
0409070297;GINECOLOGIA
0409070300;GINECOLOGIA
0409070319;PROCEDIMENTOS CIRURGICOS DIVERSOS
0410010057;ONCOLOGIA
0410010065;ONCOLOGIA
0410010073;ONCOLOGIA
0410010081;PROCEDIMENTOS CIRURGICOS DIVERSOS
0410010090;ONCOLOGIA
0410010111;ONCOLOGIA
0410010120;ONCOLOGIA
0410010197;PROCEDIMENTOS CIRURGICOS DIVERSOS
0410010200;PROCEDIMENTOS CIRURGICOS DIVERSOS
0412010011;PROCEDIMENTOS CIRURGICOS DIVERSOS
0412010020;PROCEDIMENTOS CIRURGICOS DIVERSOS
0412010038;PROCEDIMENTOS CIRURGICOS DIVERSOS
0412010046;PROCEDIMENTOS CIRURGICOS DIVERSOS
0412010070;PROCEDIMENTOS CIRURGICOS DIVERSOS
0412010089;PROCEDIMENTOS CIRURGICOS DIVERSOS
0412010097;PROCEDIMENTOS CIRURGICOS DIVERSOS
0412010100;PROCEDIMENTOS CIRURGICOS DIVERSOS
0412010119;PROCEDIMENTOS CIRURGICOS DIVERSOS
0412010135;PROCEDIMENTOS CIRURGICOS DIVERSOS
0412010143;PROCEDIMENTOS CIRURGICOS DIVERSOS
0412020017;PROCEDIMENTOS CIRURGICOS DIVERSOS
0412020025;PROCEDIMENTOS CIRURGICOS DIVERSOS
0412020050;PROCEDIMENTOS CIRURGICOS DIVERSOS
0412020068;PROCEDIMENTOS CIRURGICOS DIVERSOS
0412020076;PROCEDIMENTOS CIRURGICOS DIVERSOS
0412030012;PROCEDIMENTOS CIRURGICOS DIVERSOS
0412030047;PROCEDIMENTOS CIRURGICOS DIVERSOS
0412030080;PROCEDIMENTOS CIRURGICOS DIVERSOS
0412030110;PROCEDIMENTOS CIRURGICOS DIVERSOS
0412040018;PROCEDIMENTOS CIRURGICOS DIVERSOS
0412040026;PROCEDIMENTOS CIRURGICOS DIVERSOS
0412040034;PROCEDIMENTOS CIRURGICOS DIVERSOS
0412040042;PROCEDIMENTOS CIRURGICOS DIVERSOS
0412040050;PROCEDIMENTOS CIRURGICOS DIVERSOS
0412040069;PROCEDIMENTOS CIRURGICOS DIVERSOS
0412040107;PROCEDIMENTOS CIRURGICOS DIVERSOS
0412040115;PROCEDIMENTOS CIRURGICOS DIVERSOS
0412040123;PROCEDIMENTOS CIRURGICOS DIVERSOS
0412040131;PROCEDIMENTOS CIRURGICOS DIVERSOS
0412040158;PROCEDIMENTOS CIRURGICOS DIVERSOS
0412040174;PROCEDIMENTOS CIRURGICOS DIVERSOS
0412040182;PROCEDIMENTOS CIRURGICOS DIVERSOS
0412040212;PROCEDIMENTOS CIRURGICOS DIVERSOS
0412040220;PROCEDIMENTOS CIRURGICOS DIVERSOS
0412050013;PROCEDIMENTOS CIRURGICOS DIVERSOS
0412050030;PROCEDIMENTOS CIRURGICOS DIVERSOS
0412050048;PROCEDIMENTOS CIRURGICOS DIVERSOS
0412050064;PROCEDIMENTOS CIRURGICOS DIVERSOS
0412050072;PROCEDIMENTOS CIRURGICOS DIVERSOS
0412050102;PROCEDIMENTOS CIRURGICOS DIVERSOS
0412050110;PROCEDIMENTOS CIRURGICOS DIVERSOS
0412050137;PROCEDIMENTOS CIRURGICOS DIVERSOS
0412050145;PROCEDIMENTOS CIRURGICOS DIVERSOS
0412050153;PROCEDIMENTOS CIRURGICOS DIVERSOS
0412050161;PROCEDIMENTOS CIRURGICOS DIVERSOS
0413030016;PROCEDIMENTOS CIRURGICOS DIVERSOS
0413030024;PROCEDIMENTOS CIRURGICOS DIVERSOS
0413030032;PROCEDIMENTOS CIRURGICOS DIVERSOS
0413030040;PROCEDIMENTOS CIRURGICOS DIVERSOS
0413030059;PROCEDIMENTOS CIRURGICOS DIVERSOS
0413030067;PROCEDIMENTOS CIRURGICOS DIVERSOS
0413030075;PROCEDIMENTOS CIRURGICOS DIVERSOS
0413030083;PROCEDIMENTOS CIRURGICOS DIVERSOS
0413040020;PROCEDIMENTOS CIRURGICOS DIVERSOS
0413040038;PROCEDIMENTOS CIRURGICOS DIVERSOS
0413040046;PROCEDIMENTOS CIRURGICOS DIVERSOS
0413040054;PROCEDIMENTOS CIRURGICOS DIVERSOS
0413040062;PROCEDIMENTOS CIRURGICOS DIVERSOS
0413040070;PROCEDIMENTOS CIRURGICOS DIVERSOS
0413040089;PROCEDIMENTOS CIRURGICOS DIVERSOS
0413040097;PROCEDIMENTOS CIRURGICOS DIVERSOS
0413040100;PROCEDIMENTOS CIRURGICOS DIVERSOS
0413040119;PROCEDIMENTOS CIRURGICOS DIVERSOS
0413040127;PROCEDIMENTOS CIRURGICOS DIVERSOS
0413040135;PROCEDIMENTOS CIRURGICOS DIVERSOS
0413040143;PROCEDIMENTOS CIRURGICOS DIVERSOS
0413040151;PROCEDIMENTOS CIRURGICOS DIVERSOS
0413040160;PROCEDIMENTOS CIRURGICOS DIVERSOS
0413040186;PROCEDIMENTOS CIRURGICOS DIVERSOS
0413040194;PROCEDIMENTOS CIRURGICOS DIVERSOS
0413040208;PROCEDIMENTOS CIRURGICOS DIVERSOS
0413040216;PROCEDIMENTOS CIRURGICOS DIVERSOS
0413040224;PROCEDIMENTOS CIRURGICOS DIVERSOS
0413040232;PROCEDIMENTOS CIRURGICOS DIVERSOS
0413040259;PROCEDIMENTOS CIRURGICOS DIVERSOS
0413040267;PROCEDIMENTOS CIRURGICOS DIVERSOS
0414010027;PROCEDIMENTOS CIRURGICOS DIVERSOS
0414010272;PROCEDIMENTOS CIRURGICOS DIVERSOS
0414010329;PROCEDIMENTOS CIRURGICOS DIVERSOS
0414010345;PROCEDIMENTOS CIRURGICOS DIVERSOS
0414010370;PROCEDIMENTOS CIRURGICOS DIVERSOS
0414020413;PROCEDIMENTOS CIRURGICOS DIVERSOS
0414020421;PROCEDIMENTOS CIRURGICOS DIVERSOS
0415010012;PROCEDIMENTOS CIRURGICOS DIVERSOS
0415020018;PROCEDIMENTOS CIRURGICOS DIVERSOS
0415020034;PROCEDIMENTOS CIRURGICOS DIVERSOS
0415020042;PROCEDIMENTOS CIRURGICOS DIVERSOS
0415020050;ONCOLOGIA
0415020069;ORTOPEDIA
0415020077;PROCEDIMENTOS CIRURGICOS DIVERSOS
0415020085;PROCEDIMENTOS CIRURGICOS DIVERSOS
0416010016;ONCOLOGIA
0416010024;ONCOLOGIA
0416010040;ONCOLOGIA
0416010075;ONCOLOGIA
0416010091;ONCOLOGIA
0416010113;ONCOLOGIA
0416010121;ONCOLOGIA
0416010130;ONCOLOGIA
0416010164;ONCOLOGIA
0416010172;ONCOLOGIA
0416010180;ONCOLOGIA
0416010199;ONCOLOGIA
0416010202;ONCOLOGIA
0416010210;ONCOLOGIA
0416010229;ONCOLOGIA
0416020020;ONCOLOGIA
0416020151;ONCOLOGIA
0416020160;ONCOLOGIA
0416020178;ONCOLOGIA
0416020186;ONCOLOGIA
0416020194;ONCOLOGIA
0416020208;ONCOLOGIA
0416020216;ONCOLOGIA
0416020224;ONCOLOGIA
0416020232;ONCOLOGIA
0416020240;ONCOLOGIA
0416020259;ONCOLOGIA
0416030025;ONCOLOGIA
0416030033;ONCOLOGIA
0416030041;ONCOLOGIA
0416030068;ONCOLOGIA
0416030076;ONCOLOGIA
0416030084;ONCOLOGIA
0416030092;ONCOLOGIA
0416030149;ONCOLOGIA
0416030157;ONCOLOGIA
0416030165;ONCOLOGIA
0416030173;ONCOLOGIA
0416030181;ONCOLOGIA
0416030190;ONCOLOGIA
0416030203;ONCOLOGIA
0416030211;ONCOLOGIA
0416030220;ONCOLOGIA
0416030238;ONCOLOGIA
0416030246;ONCOLOGIA
0416030254;ONCOLOGIA
0416030262;ONCOLOGIA
0416030270;ONCOLOGIA
0416030289;ONCOLOGIA
0416030297;ONCOLOGIA
0416030300;ONCOLOGIA
0416030319;ONCOLOGIA
0416030327;ONCOLOGIA
0416030335;ONCOLOGIA
0416030343;ONCOLOGIA
0416030351;ONCOLOGIA
0416030360;ONCOLOGIA
0416040012;ONCOLOGIA
0416040020;ONCOLOGIA
0416040039;ONCOLOGIA
0416040047;ONCOLOGIA
0416040055;ONCOLOGIA
0416040071;ONCOLOGIA
0416040101;ONCOLOGIA
0416040110;ONCOLOGIA
0416040128;ONCOLOGIA
0416040144;ONCOLOGIA
0416040179;ONCOLOGIA
0416040187;ONCOLOGIA
0416040195;ONCOLOGIA
0416040209;ONCOLOGIA
0416040217;ONCOLOGIA
0416040225;ONCOLOGIA
0416040233;ONCOLOGIA
0416040241;ONCOLOGIA
0416040250;ONCOLOGIA
0416040268;ONCOLOGIA
0416040276;ONCOLOGIA
0416040284;ONCOLOGIA
0416040292;ONCOLOGIA
0416040314;ONCOLOGIA
0416040322;ONCOLOGIA
0416040330;ONCOLOGIA
0416040349;ONCOLOGIA
0416050018;ONCOLOGIA
0416050026;ONCOLOGIA
0416050034;ONCOLOGIA
0416050050;ONCOLOGIA
0416050077;ONCOLOGIA
0416050093;ONCOLOGIA
0416050107;ONCOLOGIA
0416050115;ONCOLOGIA
0416050123;ONCOLOGIA
0416060013;ONCOLOGIA
0416060021;ONCOLOGIA
0416060030;ONCOLOGIA
0416060056;GINECOLOGIA
0416060064;GINECOLOGIA
0416060080;ONCOLOGIA
0416060099;GINECOLOGIA
0416060102;ONCOLOGIA
0416060110;GINECOLOGIA
0416060129;ONCOLOGIA
0416080014;ONCOLOGIA
0416080030;ONCOLOGIA
0416080081;ONCOLOGIA
0416080090;ONCOLOGIA
0416080111;ONCOLOGIA
0416080120;ONCOLOGIA
0416090010;ONCOLOGIA
0416090028;ONCOLOGIA
0416090036;ONCOLOGIA
0416090079;ONCOLOGIA
0416090109;ONCOLOGIA
0416090117;ONCOLOGIA
0416090125;ONCOLOGIA
0416090133;ONCOLOGIA
0416110010;ONCOLOGIA
0416110029;ONCOLOGIA
0416110037;ONCOLOGIA
0416110045;ONCOLOGIA
0416110053;ONCOLOGIA
0416110061;ONCOLOGIA
0416110070;ONCOLOGIA
0416110088;ONCOLOGIA
0416120024;ONCOLOGIA
0416120032;ONCOLOGIA
0416120040;ONCOLOGIA
0416120059;ONCOLOGIA
0418010013;PROCEDIMENTOS CIRURGICOS DIVERSOS
0418010021;PROCEDIMENTOS CIRURGICOS DIVERSOS
0418010030;PROCEDIMENTOS CIRURGICOS DIVERSOS
0418010048;PROCEDIMENTOS CIRURGICOS DIVERSOS
0418010080;PROCEDIMENTOS CIRURGICOS DIVERSOS
0418020019;PROCEDIMENTOS CIRURGICOS DIVERSOS
0418020027;PROCEDIMENTOS CIRURGICOS DIVERSOS
